id,host,app,host_type,virtual,desktop,os,os_release,os_version,host_model,host_serial,location,ip
1,XSAQ0560,SMD,Server,N,N,AIX,12,5.3,9117-570,109187D,SOMERSET,10.9.49.161
2,XSAQ0560,SMD,Server,N,N,AIX,12,5.3,9117-570,109187D,SOMERSET,192.168.24.22
3,XSAQ0560,SMD,Server,N,N,AIX,12,5.3,9117-570,109187D,SOMERSET,10.9.49.160
4,XSAQ0560,SMD,Server,N,N,AIX,12,5.3,9117-570,109187D,SOMERSET,10.9.49.161
5,XSAQ0560,SMD,Server,N,N,AIX,12,5.3,9117-570,109187D,SOMERSET,10.9.49.162
6,XSAQ0560,ORB,Server,N,N,AIX,12,5.3,9117-570,109187D,SOMERSET,10.9.49.161
7,XSAQ0560,ORB,Server,N,N,AIX,12,5.3,9117-570,109187D,SOMERSET,192.168.24.22
8,XSAQ0560,ORB,Server,N,N,AIX,12,5.3,9117-570,109187D,SOMERSET,10.9.49.160
9,XSAQ0560,ORB,Server,N,N,AIX,12,5.3,9117-570,109187D,SOMERSET,10.9.49.161
10,XSAQ0560,ORB,Server,N,N,AIX,12,5.3,9117-570,109187D,SOMERSET,10.9.49.162
11,NTSMAPPSBRE02A,WFS,Server,Y,Y,Microsoft Windows 2000,N/A,5.0.2195,N/A,N/A,N/A,10.43.107.13
12,XSAQ0751,BMC,Server,N,N,AIX,7,6.1,9133-55A,105E7BH,SOMERSET,192.168.22.27
13,XSAQ0751,BMC,Server,N,N,AIX,7,6.1,9133-55A,105E7BH,SOMERSET,160.254.68.225
14,XSAQ0751,BMC,Server,N,N,AIX,7,6.1,9133-55A,105E7BH,SOMERSET,160.254.68.226
15,AVACOS02N01,ESS,Storage,N,N,Linux,release 4,2.6.9-89.ELsmp,N/A,N/A,College Station,fe80::a6ba:dbff:fe33:32ac
16,AVACOS02N01,ESS,Storage,N,N,Linux,release 4,2.6.9-89.ELsmp,N/A,N/A,College Station,10.23.127.170
17,WSOMPDSAMS03,WDC,Server,N,N,Windows 2008,6002,6.0.6002,ProLiant DL380 G5,USE841NDH8,SOMERSET,160.254.93.23
18,WSOMPDSAMS03,WPS,Server,N,N,Windows 2008,6002,6.0.6002,ProLiant DL380 G5,USE841NDH8,SOMERSET,160.254.93.23
19,AVATPCKVS01N14,ESS,Storage,N,N,Linux,release 4,2.6.9-89.ELsmp,N/A,N/A,Nashville,160.254.83.160
20,AVATPCKVS01N14,ESS,Storage,N,N,Linux,release 4,2.6.9-89.ELsmp,N/A,N/A,Nashville,fe80::a6ba:dbff:fe40:6102
21,WTPCPAP9DF01,WFS,Server,Y,N,Windows 2003,3790,5.2.3790,VMware Virtual Platform,VMWARE-42 10 2F B9 B2 8A 18 D6-91 94 F5 2C B1 C0 22 87,Nashville,10.59.52.18
22,NTSDIVY106003,WFS,Server,N,N,Windows 2003,3790,5.2.3790,ProLiant DL380 G4,USE513A3JJ,Uniondale,10.20.3.30
23,NTSDIVY106003,WFS,Server,N,N,Windows 2003,3790,5.2.3790,ProLiant DL380 G4,USE513A3JJ,Uniondale,10.20.3.30
24,WMTKPAVZTY03,ZTY,Server,Y,N,Windows 2003 R2,3790,5.2.3790,VMware Virtual Platform,VMWARE-50 22 55 1A 05 47 58 3A-F3 F9 65 4B 8B 29 93 9A,Woking,10.144.250.26
25,WSOMPAPGID72,GID,Server,N,N,Microsoft Windows 2000,2195,5.0.2195,N/A,N/A,SOMERSET,160.254.92.25
26,WTPCPAPAES25,AES,Server,N,N,Windows 2003 R2,3790,5.2.3790,ProLiant BL460c G1,USE835EPSN,Nashville,160.254.147.56
27,WTPCPAPAES25,AES,Server,N,N,Windows 2003 R2,3790,5.2.3790,ProLiant BL460c G1,USE835EPSN,Nashville,160.254.147.97
28,WTPCPAPAES25,AES,Server,N,N,Windows 2003 R2,3790,5.2.3790,ProLiant BL460c G1,USE835EPSN,Nashville,160.254.147.57
29,WBRVPAPMMA01,ODS,Server,Y,N,Windows 2003,3790,5.2.3790,VMware Virtual Platform,VMWARE-50 3B 15 B2 16 FC 01 6B-C4 09 DB 90 7C 81 91 74,Brussels BE,10.12.70.191
30,WTPCPPIORC02,ORC,Server,Y,N,Windows 2003,3790,5.2.3790,VMware Virtual Platform,VMWARE-42 10 DD F7 C2 0C 57 80-96 4A A0 78 07 DC CC 3F,Nashville,160.254.147.75
31,XSD00A12,BDM,Server,N,N,SunOS,s10s_u8wos_08a,5.1,Sun Microsystems sun4u Sun Fire V890,0620AM0817,Nashville,160.254.68.7
32,NTSDATA105001,WFS,Server,N,N,Windows 2008,6002,6.0.6002,ProLiant DL380 G6,USE009NBF2,New York,10.20.65.31
33,NTSDATA105001,XBQ,Server,N,N,Windows 2008,6002,6.0.6002,ProLiant DL380 G6,USE009NBF2,New York,10.20.65.31
34,NTSDATA105001,XBO,Server,N,N,Windows 2008,6002,6.0.6002,ProLiant DL380 G6,USE009NBF2,New York,10.20.65.31
35,NTSDATA105001,COR,Server,N,N,Windows 2008,6002,6.0.6002,ProLiant DL380 G6,USE009NBF2,New York,10.20.65.31
36,PERFPWNPVC01,9VC,Server,N,N,Windows 2003,3790,5.2.3790,ProLiant DL360 G3,M05YLGP82V,Florham Park,167.113.250.176
37,WTPCPSPTRM01,DLP,Server,N,N,Windows 2003 R2,3790,5.2.3790,ProLiant DL380 G5,USE925N119,Nashville,160.254.3.162
38,WSOMDTVGPT01,GPT,Server,Y,N,Windows 2008 R2,7601,6.1.7601,VMware Virtual Platform,VMWARE-42 32 3D 6A BA B2 D0 23-1E EB 6E 02 1B 36 85 52,SOMERSET,10.9.14.169
39,WLUXPAPCMS01,YBC,Server,Y,N,Windows 2003 R2,3790,5.2.3790,VMware Virtual Platform,VMWARE-42 15 AF 46 7C C0 AA EF-86 FE 28 69 5A 08 D1 B9,Luxembourg,10.43.181.75
40,WMTKPDBESX01,COR,Server,N,N,Windows 2008 R2,7600,6.1.7600,ProLiant DL380 G6,GB8951CKWT,Milton Keynes UK,167.113.161.43
41,WNPCQAPBOB01,YAG,Server,N,N,Windows 2003 R2,3790,5.2.3790,ProLiant BL460c G1,USE924MS2N,Freeport,10.0.55.145
42,WNPCQAPBOB01,FLO,Server,N,N,Windows 2003 R2,3790,5.2.3790,ProLiant BL460c G1,USE924MS2N,Freeport,10.0.55.145
43,WNPCQAPBOB01,CBI,Server,N,N,Windows 2003 R2,3790,5.2.3790,ProLiant BL460c G1,USE924MS2N,Freeport,10.0.55.145
44,WNPCQAPBOB01,BOB,Server,N,N,Windows 2003 R2,3790,5.2.3790,ProLiant BL460c G1,USE924MS2N,Freeport,10.0.55.145
45,WBRCPAPACD02,ACD,Server,N,N,Windows 2003 R2,3790,5.2.3790,ProLiant DL380 G5,USE711N68B,New York,10.2.58.148
46,WBRCPAPACD02,ACD,Server,N,N,Windows 2003 R2,3790,5.2.3790,ProLiant DL380 G5,USE711N68B,New York,10.2.58.148
47,RTPCPAVEBI01,CHA,Server,Y,N,Linux,release 4,2.6.9-55.ELsmp,N/A,N/A,Nashville,fe80::250:56ff:feb2:3527
48,RTPCPAVEBI01,EBI,Server,Y,N,Linux,release 4,2.6.9-55.ELsmp,N/A,N/A,Nashville,fe80::250:56ff:feb2:3527
49,WSOMTEVTOJ01,TOJ,Server,Y,N,Windows 2003,3790,5.2.3790,VMware Virtual Platform,VMWARE-50 0F 65 C0 0C 98 AC F8-74 A0 8A C9 9B 83 18 5C,SOMERSET,10.9.14.61
50,WTPCPDBCVA02,CVA,Server,N,N,Windows 2003 R2,3790,5.2.3790,ProLiant BL460c G1,USE904K429,Nashville,160.254.73.33
51,SN2G,YUA,Server,N,N,SunOS,s10s_u7wos_08,5.1,Sun Microsystems sun4u Sun Fire V245,0811FML01K,Freeport,167.222.162.30
52,SN2G,RTA,Server,N,N,SunOS,s10s_u7wos_08,5.1,Sun Microsystems sun4u Sun Fire V245,0811FML01K,Freeport,167.222.162.30
53,WSOMPSMTSD11,ITY,Server,N,N,Windows 2003 R2,3790,5.2.3790,ProLiant DL380 G3,D337LJC1H365,SOMERSET,10.9.211.97
54,WSOMPSMTSD11,TSD,Server,N,N,Windows 2003 R2,3790,5.2.3790,ProLiant DL380 G3,D337LJC1H365,SOMERSET,10.9.211.97
55,WDPBNY06,COR,Server,N,N,Windows 2003,N/A,5.2,N/A,N/A,Nashville,160.254.7.150
56,WDPBNY06,COR,Server,N,N,Windows 2003,N/A,5.2,N/A,N/A,Nashville,160.254.7.235
57,WSOMDAVADR01,DRG,Server,Y,N,Windows 2003 R2,3790,5.2.3790,Virtual Machine,9046-6374-7575-3281-8803-2337-91,SOMERSET,10.9.174.140
58,WSOMUAVCUE01,CUE,Server,Y,N,Windows 2003 R2,3790,5.2.3790,VMware Virtual Platform,VMWARE-56 4D BC 24 73 EC D6 71-17 33 C4 6F 03 A9 49 BE,SOMERSET,10.9.174.91
59,AVATPCNBK03N04,ESS,Storage,N,N,Linux,release 4,2.6.9-89.ELsmp,N/A,N/A,Nashville,fe80::226:b9ff:fe4b:6bcc
60,AVATPCNBK03N04,ESS,Storage,N,N,Linux,release 4,2.6.9-89.ELsmp,N/A,N/A,Nashville,160.254.83.24
61,WSOMPAPIMC02,IMC,Server,N,N,Windows 2003,3790,5.2.3790,N/A,USE611N0DK,SOMERSET,10.9.12.86
62,WMTKPCVEUR17,WCX,Server,Y,N,Windows 2003 R2,3790,5.2.3790,VMware Virtual Platform,VMWARE-50 22 82 3E E7 63 12 FD-6A 73 74 2D 88 61 36 34,Woking,10.48.0.133
63,WSOMPAVECC24,ECC,Server,Y,N,Windows 2008 R2,7601,6.1.7601,VMware Virtual Platform,VMWARE-42 32 0A AF C7 D9 61 50-C7 CC ED 0B BA 2C 39 10,SOMERSET,10.9.172.216
64,NTSMISD15012A,ZIN,Server,N,N,Windows 2003,3790,5.2.3790,ProLiant BL460c G1,USE937S119,Nashville,10.59.150.66
65,XSAQ0853,BMC,Server,N,N,AIX,6,5.3,9133-55A,065E78H,SOMERSET,160.254.68.235
66,XSAQ0853,BMC,Server,N,N,AIX,6,5.3,9133-55A,065E78H,SOMERSET,160.254.68.236
67,WNPCPNPTRM01,DLP,Server,N,N,Windows 2003 R2,3790,5.2.3790,ProLiant DL380 G5,USE922N6KQ,Freeport,167.222.62.156
68,XSA00Y32,PFN,Server,N,N,AIX,7,6.1,8205-E6D,06C012T,SOMERSET,160.254.95.134
69,WQVSDAPYGD01,YGD,Server,N,N,Windows 2003 R2,3790,5.2.3790,ProLiant BL460c G6,CZJ9420ANP,London UK,167.113.186.190
70,WSOMPCV9PC02,9PC,Server,Y,N,Windows 2003,3790,5.2.3790,VMware Virtual Platform,VMWARE-50 21 3A 19 72 9B 06 ED-48 81 D5 02 5D F5 56 D8,SOMERSET,167.113.197.27
71,RTPCDMRRG001,ALG,Server,N,N,Linux,release 4,2.6.9-55.EL,N/A,USE614NARR,Nashville,fe80::216:35ff:fe6b:3eeb
72,RTPCDMRRG001,ALG,Server,N,N,Linux,release 4,2.6.9-55.EL,N/A,USE614NARR,Nashville,10.59.51.158
73,XSA00Y41,FNI,Server,N,N,AIX,6,6.1,9133-55A,06088EH,SOMERSET,160.254.95.156
74,WNPTTAPAE12,AEG,Server,Y,N,Windows 2003,3790,5.2.3790,VMware Virtual Platform,VMWARE-42 11 20 E8 2D DF BE E0-7B A3 04 CF F1 58 BC 5C,SOMERSET,10.9.158.93
75,WTPCPGWIRD01,IRD,Server,Y,N,Windows 2003 R2,3790,5.2.3790,VMware Virtual Platform,VMWARE-42 10 6B E8 6A 58 FB 37-F1 6B 7F FA A8 73 7A 6D,Nashville,160.254.73.27
76,AVATPC01N03,ESS,Storage,N,N,Linux,release 4,2.6.9-67.EL.bz450900.HFsmp,N/A,N/A,Nashville,160.254.65.23
77,AVATPCESX02N03,ESS,Storage,N,N,Linux,release 4,2.6.9-67.EL.bz450900.HFsmp,N/A,N/A,Nashville,160.254.65.97
78,WTPCPLGCOR01,COR,Server,N,N,Windows 2003,3790,5.2.3790,ProLiant DL580 G2,EC06LD5Z58,Nashville,160.254.8.41
79,R147P10,SAX,Server,N,N,Linux,release 5.4,2.6.18-194.11.1.el5,ProLiant BL460c G6,USE0515554,Nashville,fe80::3e4a:92ff:fedd:31a8
80,R147P10,SAX,Server,N,N,Linux,release 5.4,2.6.18-194.11.1.el5,ProLiant BL460c G6,USE0515554,Nashville,fe80::3e4a:92ff:fedd:31ac
81,R147P10,SAX,Server,N,N,Linux,release 5.4,2.6.18-194.11.1.el5,ProLiant BL460c G6,USE0515554,Nashville,160.254.227.37
82,R147P10,SAX,Server,N,N,Linux,release 5.4,2.6.18-194.11.1.el5,ProLiant BL460c G6,USE0515554,Nashville,160.254.227.30
83,R147P10,SAX,Server,N,N,Linux,release 5.4,2.6.18-194.11.1.el5,ProLiant BL460c G6,USE0515554,Nashville,fe80::3e4a:92ff:fedd:31ad
84,R147P10,GAP,Server,N,N,Linux,release 5.4,2.6.18-194.11.1.el5,ProLiant BL460c G6,USE0515554,Nashville,fe80::3e4a:92ff:fedd:31a8
85,R147P10,GAP,Server,N,N,Linux,release 5.4,2.6.18-194.11.1.el5,ProLiant BL460c G6,USE0515554,Nashville,fe80::3e4a:92ff:fedd:31ac
86,R147P10,GAP,Server,N,N,Linux,release 5.4,2.6.18-194.11.1.el5,ProLiant BL460c G6,USE0515554,Nashville,160.254.227.37
87,R147P10,GAP,Server,N,N,Linux,release 5.4,2.6.18-194.11.1.el5,ProLiant BL460c G6,USE0515554,Nashville,160.254.227.30
88,R147P10,GAP,Server,N,N,Linux,release 5.4,2.6.18-194.11.1.el5,ProLiant BL460c G6,USE0515554,Nashville,fe80::3e4a:92ff:fedd:31ad
89,R147P10,FRC,Server,N,N,Linux,release 5.4,2.6.18-194.11.1.el5,ProLiant BL460c G6,USE0515554,Nashville,fe80::3e4a:92ff:fedd:31a8
90,R147P10,FRC,Server,N,N,Linux,release 5.4,2.6.18-194.11.1.el5,ProLiant BL460c G6,USE0515554,Nashville,fe80::3e4a:92ff:fedd:31ac
91,R147P10,FRC,Server,N,N,Linux,release 5.4,2.6.18-194.11.1.el5,ProLiant BL460c G6,USE0515554,Nashville,160.254.227.37
92,R147P10,FRC,Server,N,N,Linux,release 5.4,2.6.18-194.11.1.el5,ProLiant BL460c G6,USE0515554,Nashville,160.254.227.30
93,R147P10,FRC,Server,N,N,Linux,release 5.4,2.6.18-194.11.1.el5,ProLiant BL460c G6,USE0515554,Nashville,fe80::3e4a:92ff:fedd:31ad
94,R147P10,UDS,Server,N,N,Linux,release 5.4,2.6.18-194.11.1.el5,ProLiant BL460c G6,USE0515554,Nashville,fe80::3e4a:92ff:fedd:31a8
95,R147P10,UDS,Server,N,N,Linux,release 5.4,2.6.18-194.11.1.el5,ProLiant BL460c G6,USE0515554,Nashville,fe80::3e4a:92ff:fedd:31ac
96,R147P10,UDS,Server,N,N,Linux,release 5.4,2.6.18-194.11.1.el5,ProLiant BL460c G6,USE0515554,Nashville,160.254.227.37
97,R147P10,UDS,Server,N,N,Linux,release 5.4,2.6.18-194.11.1.el5,ProLiant BL460c G6,USE0515554,Nashville,160.254.227.30
98,R147P10,UDS,Server,N,N,Linux,release 5.4,2.6.18-194.11.1.el5,ProLiant BL460c G6,USE0515554,Nashville,fe80::3e4a:92ff:fedd:31ad
99,R147P10,ACZ,Server,N,N,Linux,release 5.4,2.6.18-194.11.1.el5,ProLiant BL460c G6,USE0515554,Nashville,fe80::3e4a:92ff:fedd:31a8
100,R147P10,ACZ,Server,N,N,Linux,release 5.4,2.6.18-194.11.1.el5,ProLiant BL460c G6,USE0515554,Nashville,fe80::3e4a:92ff:fedd:31ac
101,R147P10,ACZ,Server,N,N,Linux,release 5.4,2.6.18-194.11.1.el5,ProLiant BL460c G6,USE0515554,Nashville,160.254.227.37
102,R147P10,ACZ,Server,N,N,Linux,release 5.4,2.6.18-194.11.1.el5,ProLiant BL460c G6,USE0515554,Nashville,160.254.227.30
103,R147P10,ACZ,Server,N,N,Linux,release 5.4,2.6.18-194.11.1.el5,ProLiant BL460c G6,USE0515554,Nashville,fe80::3e4a:92ff:fedd:31ad
104,R147P10,NCX,Server,N,N,Linux,release 5.4,2.6.18-194.11.1.el5,ProLiant BL460c G6,USE0515554,Nashville,fe80::3e4a:92ff:fedd:31a8
105,R147P10,NCX,Server,N,N,Linux,release 5.4,2.6.18-194.11.1.el5,ProLiant BL460c G6,USE0515554,Nashville,fe80::3e4a:92ff:fedd:31ac
106,R147P10,NCX,Server,N,N,Linux,release 5.4,2.6.18-194.11.1.el5,ProLiant BL460c G6,USE0515554,Nashville,160.254.227.37
107,R147P10,NCX,Server,N,N,Linux,release 5.4,2.6.18-194.11.1.el5,ProLiant BL460c G6,USE0515554,Nashville,160.254.227.30
108,R147P10,NCX,Server,N,N,Linux,release 5.4,2.6.18-194.11.1.el5,ProLiant BL460c G6,USE0515554,Nashville,fe80::3e4a:92ff:fedd:31ad
109,R147P10,DZZ,Server,N,N,Linux,release 5.4,2.6.18-194.11.1.el5,ProLiant BL460c G6,USE0515554,Nashville,fe80::3e4a:92ff:fedd:31a8
110,R147P10,DZZ,Server,N,N,Linux,release 5.4,2.6.18-194.11.1.el5,ProLiant BL460c G6,USE0515554,Nashville,fe80::3e4a:92ff:fedd:31ac
111,R147P10,DZZ,Server,N,N,Linux,release 5.4,2.6.18-194.11.1.el5,ProLiant BL460c G6,USE0515554,Nashville,160.254.227.37
112,R147P10,DZZ,Server,N,N,Linux,release 5.4,2.6.18-194.11.1.el5,ProLiant BL460c G6,USE0515554,Nashville,160.254.227.30
113,R147P10,DZZ,Server,N,N,Linux,release 5.4,2.6.18-194.11.1.el5,ProLiant BL460c G6,USE0515554,Nashville,fe80::3e4a:92ff:fedd:31ad
114,WSI1VPAPALR01,ALR,Server,Y,N,Windows 2003 R2,3790,5.2.3790,VMware Virtual Platform,VMWARE-50 1D 1D 65 90 04 CE 1E-8D 06 84 41 98 07 87 D3,Nashville,167.222.238.216
115,XSDQ0B27,GLF,Server,N,N,SunOS,s10s_u5wos_10,5.1,Sun Microsystems sun4u Sun SPARC Enterprise M5000 Server,BEF08339AD,SOMERSET,10.9.55.66
116,XSDQ0B27,GLF,Server,N,N,SunOS,s10s_u5wos_10,5.1,Sun Microsystems sun4u Sun SPARC Enterprise M5000 Server,BEF08339AD,SOMERSET,10.9.55.65
117,XSDQ0B27,GDO,Server,N,N,SunOS,s10s_u5wos_10,5.1,Sun Microsystems sun4u Sun SPARC Enterprise M5000 Server,BEF08339AD,SOMERSET,10.9.55.66
118,XSDQ0B27,GDO,Server,N,N,SunOS,s10s_u5wos_10,5.1,Sun Microsystems sun4u Sun SPARC Enterprise M5000 Server,BEF08339AD,SOMERSET,10.9.55.65
119,XSDQ0B27,IPA,Server,N,N,SunOS,s10s_u5wos_10,5.1,Sun Microsystems sun4u Sun SPARC Enterprise M5000 Server,BEF08339AD,SOMERSET,10.9.55.66
120,XSDQ0B27,IPA,Server,N,N,SunOS,s10s_u5wos_10,5.1,Sun Microsystems sun4u Sun SPARC Enterprise M5000 Server,BEF08339AD,SOMERSET,10.9.55.65
121,WTPCPWBGLR03,GLR,Server,Y,N,Windows 2003 R2,3790,5.2.3790,VMware Virtual Platform,VMWARE-42 10 EC BC FC E0 0F 02-DF 8B 5D 48 E9 4B 97 74,Nashville,10.59.236.201
122,WSOMDAVDTA01,DTA,Server,Y,N,Windows 2008 R2,7601,6.1.7601,Virtual Machine,8373-9013-2442-5907-2991-4373-93,SOMERSET,10.9.174.80
123,XSD00Y67,XIA,Server,N,N,SunOS,s10s_u5wos_10,5.1,Sun Microsystems sun4u Sun SPARC Enterprise M5000 Server,BEF0834A1E,SOMERSET,160.254.95.135
124,WTPCPCVVPM02,VPM,Server,Y,N,Windows 2003,3790,5.2.3790,VMware Virtual Platform,VMWARE-50 0F 11 A2 51 84 FB 00-2B 35 A7 D4 2D 02 17 1F,Nashville,160.254.15.163
125,WSOMDAPEAM01,EAM,Server,N,N,Windows 2003,3790,5.2.3790,ProLiant DL380 G4,EAYDMNDZ3V,SOMERSET,10.9.4.49
126,WTPCPCVFOS03,FOS,Server,Y,N,Windows 2003,3790,5.2.3790,VMware Virtual Platform,VMWARE-50 32 BB 11 B5 95 E5 47-23 DD 07 0C 8F FA 22 F6,Nashville,160.254.98.181
127,WNPCPSVQUE02,QUE,Server,Y,N,Windows 2008,6002,6.0.6002,VMware Virtual Platform,VMWARE-50 34 3F DB 31 68 80 8D-02 25 8D 0D 24 77 E2 8B,Freeport,167.222.13.38
128,AVATPCNBK02N08,ESS,Storage,N,N,Linux,release 4,2.6.9-89.ELsmp,N/A,N/A,Nashville,160.254.70.244
129,AVATPCNBK02N08,ESS,Storage,N,N,Linux,release 4,2.6.9-89.ELsmp,N/A,N/A,Nashville,fe80::226:b9ff:fe50:98a
130,AVATPCNBK02N08,ESS,Storage,N,N,Linux,release 4,2.6.9-89.ELsmp,N/A,N/A,Nashville,160.254.70.244
131,NTSMETA16008D,CSG,Server,N,N,Windows 2003,3790,5.2.3790,ProLiant BL460c G1,USE937S12L,Nashville,160.254.233.58
132,NTSMETA16008D,CSG,Server,N,N,Windows 2003,3790,5.2.3790,ProLiant BL460c G1,USE937S12L,Nashville,10.60.233.36
133,WNPCPAVECC14,ECC,Server,Y,N,Windows 2008 R2,7601,6.1.7601,VMware Virtual Platform,VMWARE-42 32 A7 83 C9 85 77 EF-3E FE 4C F9 3C 55 A4 02,Freeport,167.222.214.183
134,RTPCPSHRS001,USS,Server,N,N,Linux,release 4,2.6.9-42.ELsmp,N/A,N/A,Nashville,10.59.51.139
135,WQVSTAPLFX04-N,LGW,Server,N,N,Windows 2003,3790,5.2.3790,ProLiant DL380 G5,GB88404MPM,London UK,167.113.186.100
136,WTEAWWDINF01,INX,Server,Y,N,Windows 2003,3790,5.2.3790,VMware Virtual Platform,VMWARE-42 10 93 7E 5E 96 D4 CC-9F 17 D7 D8 8D 88 09 5E,SOMERSET,10.9.4.150
137,JCNTPDC01,9PC,Server,N,Y,Windows 2000,N/A,5.0.2195,N/A,N/A,Jersey City,167.113.17.45
138,WTPCPAVIRD11,FLY,Server,Y,N,Windows 2003,3790,5.2.3790,VMware Virtual Platform,VMWARE-50 32 7D 3B 4E 3C 78 82-4D 8A 7F 4C D1 7F 22 82,Nashville,160.254.98.66
139,WNPCPWBADO03,ADO,Server,N,N,Windows 2003 R2,3790,5.2.3790,ProLiant DL580 G5,USE824N7KB,Freeport,167.222.26.93
140,WNPCPAPRIX03,RIX,Server,N,N,Windows 2003,3790,5.2.3790,ProLiant BL460c G1,USE834EJHL,Freeport,167.222.147.38
141,WNPCPAPRIX03,GSX,Server,N,N,Windows 2003,3790,5.2.3790,ProLiant BL460c G1,USE834EJHL,Freeport,167.222.147.38
142,RTPCDALGG005,ALG,Server,N,N,Linux,release 4,2.6.9-55.EL,N/A,USE614NARQ,Nashville,10.59.51.151
143,RTPCDALGG005,ALG,Server,N,N,Linux,release 4,2.6.9-55.EL,N/A,USE614NARQ,Nashville,fe80::216:35ff:fe6a:dc29
144,RTPCDALGG005,ALG,Server,N,N,Linux,release 4,2.6.9-55.EL,N/A,USE614NARQ,Nashville,10.59.51.151
145,AVAJCW01N04,ESS,Storage,N,N,Linux,release 4,2.6.9-89.ELsmp,N/A,N/A,Jersey City,10.20.200.56
146,AVAJCW01N04,ESS,Storage,N,N,Linux,release 4,2.6.9-89.ELsmp,N/A,N/A,Jersey City,fe80::226:b9ff:fe4c:83a2
147,AVANPC06N05,ESS,Storage,N,N,Linux,release 4,2.6.9-67.EL.bz450900.HFsmp,N/A,N/A,Freeport,fe80::224:e8ff:fe62:3d22
148,WSOMDDBCBS03,CBS,Server,N,N,Windows 2003 R2,3790,5.2.3790,ProLiant BL460c G1,USE919M1WV,SOMERSET,10.9.171.23
149,WBRVPAPPRT02,WFP,Server,Y,N,Windows 2003 R2,3790,5.2.3790,VMware Virtual Platform,VMWARE-50 3B E3 5C 8F 27 DF B2-39 87 7C B2 09 FA 5B 3A,Brussels BE,10.12.70.26
150,AVANPCESX01N01,ESS,Storage,N,N,Linux,release 4,2.6.9-67.EL.bz450900.HFsmp,N/A,N/A,Freeport,167.222.65.163
151,AVANPCESX01N01,ESS,Storage,N,N,Linux,release 4,2.6.9-67.EL.bz450900.HFsmp,N/A,N/A,Freeport,167.222.65.199
152,XSD00E95,ARK,Server,N,N,SunOS,s10s_u4wos_12b,5.1,Sun Microsystems sun4u Sun Fire V490,0805AM0319,Nashville,160.254.55.186
153,RS08,UEN,Server,N,N,AIX,8,5.3,9117-570,107898B,Pittsburgh,172.29.203.64
154,RS08,UEN,Server,N,N,AIX,8,5.3,9117-570,107898B,Pittsburgh,172.29.203.63
155,AVATPCNBK05N14,ESS,Storage,N,N,Linux,release 4,2.6.9-89.ELsmp,N/A,N/A,Nashville,fe80::226:b9ff:fe57:f4eb
156,AVATPCNBK05N14,ESS,Storage,N,N,Linux,release 4,2.6.9-89.ELsmp,N/A,N/A,Nashville,160.254.70.209
157,AVATPCNBK05N14,ESS,Storage,N,N,Linux,release 4,2.6.9-89.ELsmp,N/A,N/A,Nashville,160.254.70.209
158,AVATPCNBK05N14,ESS,Storage,N,N,Linux,release 4,2.6.9-89.ELsmp,N/A,N/A,Nashville,fe80::226:b9ff:fe57:f4eb
159,WSOMPAPIEC01,ECS,Server,Y,N,Windows 2003,3790,5.2.3790,VMware Virtual Platform,VMWARE-42 10 31 B0 EF 10 07 38-61 70 87 22 D6 A3 05 92,SOMERSET,160.254.92.169
160,WSOMPAPIEC01,IEC,Server,Y,N,Windows 2003,3790,5.2.3790,VMware Virtual Platform,VMWARE-42 10 31 B0 EF 10 07 38-61 70 87 22 D6 A3 05 92,SOMERSET,160.254.92.169
161,W105PDSAMS01,WDC,Server,Y,N,Windows 2008,6002,6.0.6002,VMware Virtual Platform,VMWARE-50 1D 36 00 57 56 E7 03-B3 5B 9D 4E 2B C4 91 5E,Freeport,167.222.238.182
162,WTEAPAPLFG02,LFG,Server,N,N,Windows 2003,3790,5.2.3790,ProLiant DL380 G4,2CABGMQU9CT8,Nashville,160.254.6.192
163,WNPCTAVRFX01,RFX,Server,Y,N,Windows 2003 R2,3790,5.2.3790,VMware Virtual Platform,VMWARE-50 34 6F DC DC 1B 65 D3-3E 75 D6 15 CD 66 E5 0E,Freeport,10.0.58.75
164,RCNJDAVBI001,EBI,Server,Y,N,Linux,release 4,2.6.9-55.ELsmp,N/A,N/A,SOMERSET,10.9.14.237
165,RCNJDAVBI001,EBI,Server,Y,N,Linux,release 4,2.6.9-55.ELsmp,N/A,N/A,SOMERSET,fe80::250:56ff:feb2:5ee8
166,AVATPCNBK05N17,ESS,Storage,N,N,Linux,release 4,2.6.9-89.ELsmp,N/A,N/A,Nashville,fe80::226:b9ff:fe57:f0aa
167,AVATPCNBK05N17,ESS,Storage,N,N,Linux,release 4,2.6.9-89.ELsmp,N/A,N/A,Nashville,160.254.70.212
168,AVATPCNBK05N17,ESS,Storage,N,N,Linux,release 4,2.6.9-89.ELsmp,N/A,N/A,Nashville,fe80::226:b9ff:fe57:f0aa
169,AVATPCNBK05N17,ESS,Storage,N,N,Linux,release 4,2.6.9-89.ELsmp,N/A,N/A,Nashville,160.254.70.212
170,WTPCPDBTQI02,TQI,Server,N,N,Windows 2003 R2,3790,5.2.3790,ProLiant BL680c G5,USE8139WB1,Nashville,160.254.73.173
171,XSD00G35,ITY,Server,N,N,SunOS,s10s_u5wos_10,5.1,Sun Microsystems sun4v SPARC Enterprise T5120,BEL08355UK,Nashville,160.254.41.155
172,XSD00G35,ITY,Server,N,N,SunOS,s10s_u5wos_10,5.1,Sun Microsystems sun4v SPARC Enterprise T5120,BEL08355UK,Nashville,160.254.41.157
173,XSD00G35,ITY,Server,N,N,SunOS,s10s_u5wos_10,5.1,Sun Microsystems sun4v SPARC Enterprise T5120,BEL08355UK,Nashville,160.254.41.154
174,XSD00G35,CRM,Server,N,N,SunOS,s10s_u5wos_10,5.1,Sun Microsystems sun4v SPARC Enterprise T5120,BEL08355UK,Nashville,160.254.41.155
175,XSD00G35,CRM,Server,N,N,SunOS,s10s_u5wos_10,5.1,Sun Microsystems sun4v SPARC Enterprise T5120,BEL08355UK,Nashville,160.254.41.157
176,XSD00G35,CRM,Server,N,N,SunOS,s10s_u5wos_10,5.1,Sun Microsystems sun4v SPARC Enterprise T5120,BEL08355UK,Nashville,160.254.41.154
177,XSATSM10B,ESS,Server,N,N,AIX,7,6.1,9117-MMA,10052F2,SOMERSET,192.168.48.139
178,XSATSM10B,ESS,Server,N,N,AIX,7,6.1,9117-MMA,10052F2,SOMERSET,10.9.73.32
179,XSATSM10B,ESS,Server,N,N,AIX,7,6.1,9117-MMA,10052F2,SOMERSET,192.168.48.139
180,XSATSM10B,ESS,Server,N,N,AIX,7,6.1,9117-MMA,10052F2,SOMERSET,10.9.74.48
181,XSATSM10B,ESS,Server,N,N,AIX,7,6.1,9117-MMA,10052F2,SOMERSET,10.9.74.231
182,XSATSM10B,ESS,Server,N,N,AIX,7,6.1,9117-MMA,10052F2,SOMERSET,10.9.74.167
183,XSATSM10B,ESS,Server,N,N,AIX,7,6.1,9117-MMA,10052F2,SOMERSET,10.9.73.31
184,XSATSM10B,ESS,Server,N,N,AIX,7,6.1,9117-MMA,10052F2,SOMERSET,10.9.74.104
185,XSATSM10B,ESS,Server,N,N,AIX,7,6.1,9117-MMA,10052F2,SOMERSET,192.168.47.139
186,AVANPCESX01N10,ESS,Storage,N,N,Linux,release 4,2.6.9-67.EL.bz450900.HFsmp,N/A,N/A,Freeport,167.222.65.172
187,NTSMPWM15058C,FEA,Server,Y,Y,Windows 2000,N/A,5,X86,N/A,Freeport,10.0.56.120
188,WQVSPWIEUR02,EUR,Server,Y,N,Windows 2003 R2,3790,5.2.3790,VMware Virtual Platform,VMWARE-50 22 DA 9F 75 2B 64 C5-20 F8 45 05 E3 92 ED 61,London UK,167.113.185.102
189,XSD00909,GUI,Server,N,N,Solaris,s28s_u6wos_08a,2.8,"SUNW,Ultra-80",137C030B,SOMERSET,160.254.19.124
190,AVATMI01N04,ESS,Storage,N,N,Linux,release 4,2.6.9-67.EL.bz450900.HFsmp,N/A,N/A,Troy,fe80::222:19ff:fe02:f723
191,AVATMI01N04,ESS,Storage,N,N,Linux,release 4,2.6.9-67.EL.bz450900.HFsmp,N/A,N/A,Troy,10.65.0.46
192,R102P10,PLY,Server,N,N,Linux,release 5.4,2.6.18-194.11.1.el5,ProLiant BL460c G6,USE0494JT0,Nashville,fe80::6ab5:99ff:febf:2c80
193,R102P10,PLY,Server,N,N,Linux,release 5.4,2.6.18-194.11.1.el5,ProLiant BL460c G6,USE0494JT0,Nashville,10.59.13.143
194,R102P10,GAP,Server,N,N,Linux,release 5.4,2.6.18-194.11.1.el5,ProLiant BL460c G6,USE0494JT0,Nashville,fe80::6ab5:99ff:febf:2c80
195,R102P10,GAP,Server,N,N,Linux,release 5.4,2.6.18-194.11.1.el5,ProLiant BL460c G6,USE0494JT0,Nashville,10.59.13.143
196,R102P10,ETC,Server,N,N,Linux,release 5.4,2.6.18-194.11.1.el5,ProLiant BL460c G6,USE0494JT0,Nashville,fe80::6ab5:99ff:febf:2c80
197,R102P10,ETC,Server,N,N,Linux,release 5.4,2.6.18-194.11.1.el5,ProLiant BL460c G6,USE0494JT0,Nashville,10.59.13.143
198,R102P10,AOS,Server,N,N,Linux,release 5.4,2.6.18-194.11.1.el5,ProLiant BL460c G6,USE0494JT0,Nashville,fe80::6ab5:99ff:febf:2c80
199,R102P10,AOS,Server,N,N,Linux,release 5.4,2.6.18-194.11.1.el5,ProLiant BL460c G6,USE0494JT0,Nashville,10.59.13.143
200,R102P10,TOA,Server,N,N,Linux,release 5.4,2.6.18-194.11.1.el5,ProLiant BL460c G6,USE0494JT0,Nashville,fe80::6ab5:99ff:febf:2c80
201,R102P10,TOA,Server,N,N,Linux,release 5.4,2.6.18-194.11.1.el5,ProLiant BL460c G6,USE0494JT0,Nashville,10.59.13.143
202,R102P10,BUS,Server,N,N,Linux,release 5.4,2.6.18-194.11.1.el5,ProLiant BL460c G6,USE0494JT0,Nashville,fe80::6ab5:99ff:febf:2c80
203,R102P10,BUS,Server,N,N,Linux,release 5.4,2.6.18-194.11.1.el5,ProLiant BL460c G6,USE0494JT0,Nashville,10.59.13.143
204,R102P10,ACZ,Server,N,N,Linux,release 5.4,2.6.18-194.11.1.el5,ProLiant BL460c G6,USE0494JT0,Nashville,fe80::6ab5:99ff:febf:2c80
205,R102P10,ACZ,Server,N,N,Linux,release 5.4,2.6.18-194.11.1.el5,ProLiant BL460c G6,USE0494JT0,Nashville,10.59.13.143
206,R102P10,OPD,Server,N,N,Linux,release 5.4,2.6.18-194.11.1.el5,ProLiant BL460c G6,USE0494JT0,Nashville,fe80::6ab5:99ff:febf:2c80
207,R102P10,OPD,Server,N,N,Linux,release 5.4,2.6.18-194.11.1.el5,ProLiant BL460c G6,USE0494JT0,Nashville,10.59.13.143
208,R102P10,IWA,Server,N,N,Linux,release 5.4,2.6.18-194.11.1.el5,ProLiant BL460c G6,USE0494JT0,Nashville,fe80::6ab5:99ff:febf:2c80
209,R102P10,IWA,Server,N,N,Linux,release 5.4,2.6.18-194.11.1.el5,ProLiant BL460c G6,USE0494JT0,Nashville,10.59.13.143
210,R102P10,NCX,Server,N,N,Linux,release 5.4,2.6.18-194.11.1.el5,ProLiant BL460c G6,USE0494JT0,Nashville,fe80::6ab5:99ff:febf:2c80
211,R102P10,NCX,Server,N,N,Linux,release 5.4,2.6.18-194.11.1.el5,ProLiant BL460c G6,USE0494JT0,Nashville,10.59.13.143
212,R102P10,NGE,Server,N,N,Linux,release 5.4,2.6.18-194.11.1.el5,ProLiant BL460c G6,USE0494JT0,Nashville,fe80::6ab5:99ff:febf:2c80
213,R102P10,NGE,Server,N,N,Linux,release 5.4,2.6.18-194.11.1.el5,ProLiant BL460c G6,USE0494JT0,Nashville,10.59.13.143
214,R102P10,EDY,Server,N,N,Linux,release 5.4,2.6.18-194.11.1.el5,ProLiant BL460c G6,USE0494JT0,Nashville,fe80::6ab5:99ff:febf:2c80
215,R102P10,EDY,Server,N,N,Linux,release 5.4,2.6.18-194.11.1.el5,ProLiant BL460c G6,USE0494JT0,Nashville,10.59.13.143
216,R102P10,DZZ,Server,N,N,Linux,release 5.4,2.6.18-194.11.1.el5,ProLiant BL460c G6,USE0494JT0,Nashville,fe80::6ab5:99ff:febf:2c80
217,R102P10,DZZ,Server,N,N,Linux,release 5.4,2.6.18-194.11.1.el5,ProLiant BL460c G6,USE0494JT0,Nashville,10.59.13.143
218,R102P10,FRC,Server,N,N,Linux,release 5.4,2.6.18-194.11.1.el5,ProLiant BL460c G6,USE0494JT0,Nashville,fe80::6ab5:99ff:febf:2c80
219,R102P10,FRC,Server,N,N,Linux,release 5.4,2.6.18-194.11.1.el5,ProLiant BL460c G6,USE0494JT0,Nashville,10.59.13.143
220,R102P10,ESF,Server,N,N,Linux,release 5.4,2.6.18-194.11.1.el5,ProLiant BL460c G6,USE0494JT0,Nashville,fe80::6ab5:99ff:febf:2c80
221,R102P10,ESF,Server,N,N,Linux,release 5.4,2.6.18-194.11.1.el5,ProLiant BL460c G6,USE0494JT0,Nashville,10.59.13.143
222,R102P10,RAA,Server,N,N,Linux,release 5.4,2.6.18-194.11.1.el5,ProLiant BL460c G6,USE0494JT0,Nashville,fe80::6ab5:99ff:febf:2c80
223,R102P10,RAA,Server,N,N,Linux,release 5.4,2.6.18-194.11.1.el5,ProLiant BL460c G6,USE0494JT0,Nashville,10.59.13.143
224,R102P10,CWM,Server,N,N,Linux,release 5.4,2.6.18-194.11.1.el5,ProLiant BL460c G6,USE0494JT0,Nashville,fe80::6ab5:99ff:febf:2c80
225,R102P10,CWM,Server,N,N,Linux,release 5.4,2.6.18-194.11.1.el5,ProLiant BL460c G6,USE0494JT0,Nashville,10.59.13.143
226,R102P10,WFM,Server,N,N,Linux,release 5.4,2.6.18-194.11.1.el5,ProLiant BL460c G6,USE0494JT0,Nashville,fe80::6ab5:99ff:febf:2c80
227,R102P10,WFM,Server,N,N,Linux,release 5.4,2.6.18-194.11.1.el5,ProLiant BL460c G6,USE0494JT0,Nashville,10.59.13.143
228,R102P10,AVC,Server,N,N,Linux,release 5.4,2.6.18-194.11.1.el5,ProLiant BL460c G6,USE0494JT0,Nashville,fe80::6ab5:99ff:febf:2c80
229,R102P10,AVC,Server,N,N,Linux,release 5.4,2.6.18-194.11.1.el5,ProLiant BL460c G6,USE0494JT0,Nashville,10.59.13.143
230,R102P10,PRZ,Server,N,N,Linux,release 5.4,2.6.18-194.11.1.el5,ProLiant BL460c G6,USE0494JT0,Nashville,fe80::6ab5:99ff:febf:2c80
231,R102P10,PRZ,Server,N,N,Linux,release 5.4,2.6.18-194.11.1.el5,ProLiant BL460c G6,USE0494JT0,Nashville,10.59.13.143
232,R102P10,SAX,Server,N,N,Linux,release 5.4,2.6.18-194.11.1.el5,ProLiant BL460c G6,USE0494JT0,Nashville,fe80::6ab5:99ff:febf:2c80
233,R102P10,SAX,Server,N,N,Linux,release 5.4,2.6.18-194.11.1.el5,ProLiant BL460c G6,USE0494JT0,Nashville,10.59.13.143
234,WSOMDAVNII02,NII,Server,Y,N,Windows 2003 R2,3790,5.2.3790,Virtual Machine,4000-4058-7885-5079-5445-1339-10,SOMERSET,10.9.175.77
235,XSDQ0E46,SLH,Server,N,N,SunOS,s28s_hw4wos_05a,5.8,Sun Microsystems sun4u Sun Fire V890,0537AM00CA,SOMERSET,10.9.55.47
236,XSDQ0E46,SLH,Server,N,N,SunOS,s28s_hw4wos_05a,5.8,Sun Microsystems sun4u Sun Fire V890,0537AM00CA,SOMERSET,10.9.55.46
237,XSDQ0E46,SLH,Server,N,N,SunOS,s28s_hw4wos_05a,5.8,Sun Microsystems sun4u Sun Fire V890,0537AM00CA,SOMERSET,10.9.55.49
238,XSDQ0E46,GLN,Server,N,N,SunOS,s28s_hw4wos_05a,5.8,Sun Microsystems sun4u Sun Fire V890,0537AM00CA,SOMERSET,10.9.55.47
239,XSDQ0E46,GLN,Server,N,N,SunOS,s28s_hw4wos_05a,5.8,Sun Microsystems sun4u Sun Fire V890,0537AM00CA,SOMERSET,10.9.55.46
240,XSDQ0E46,GLN,Server,N,N,SunOS,s28s_hw4wos_05a,5.8,Sun Microsystems sun4u Sun Fire V890,0537AM00CA,SOMERSET,10.9.55.49
241,XSDQ0E46,SLC,Server,N,N,SunOS,s28s_hw4wos_05a,5.8,Sun Microsystems sun4u Sun Fire V890,0537AM00CA,SOMERSET,10.9.55.47
242,XSDQ0E46,SLC,Server,N,N,SunOS,s28s_hw4wos_05a,5.8,Sun Microsystems sun4u Sun Fire V890,0537AM00CA,SOMERSET,10.9.55.46
243,XSDQ0E46,SLC,Server,N,N,SunOS,s28s_hw4wos_05a,5.8,Sun Microsystems sun4u Sun Fire V890,0537AM00CA,SOMERSET,10.9.55.49
244,WSOMPNVTRM01,DLP,Server,Y,N,Windows 2003 R2,3790,5.2.3790,VMware Virtual Platform,VMWARE-50 32 56 EC 64 0B 22 BA-DE 67 64 57 CC 73 F1 16,SOMERSET,10.9.174.110
245,WSOMPAVBOS02,BOS,Server,Y,N,Windows 2003,3790,5.2.3790,VMware Virtual Platform,VMWARE-50 3E 65 30 A2 F9 A9 13-19 57 79 61 9B 23 F5 B9,SOMERSET,10.9.5.90
246,XSDQ0E11,COR,Server,N,N,SunOS,s28s_u6wos_08a,5.8,Sun Microsystems sun4u Sun Enterprise 420R (2 X UltraSPARC-II 450MHz),223C5107,SOMERSET,160.254.19.57
247,XSDQ0E11,COR,Server,N,N,SunOS,s28s_u6wos_08a,5.8,Sun Microsystems sun4u Sun Enterprise 420R (2 X UltraSPARC-II 450MHz),223C5107,SOMERSET,160.254.19.57
248,WSOMDCVORJ01,ORJ,Server,Y,N,Windows 2003,3790,5.2.3790,VMware Virtual Platform,VMWARE-50 0F F4 69 AF 47 0F 3F-C0 DC 79 3F 13 E3 39 1F,SOMERSET,10.9.14.44
249,WMTKPCVEUR11,EUR,Server,Y,N,Windows 2003,3790,5.2.3790,VMware Virtual Platform,VMWARE-50 22 D2 D5 1C 15 27 BC-A9 1D 95 8C 83 1A 2D 27,Milton Keynes UK,167.113.161.241
250,AVASNG01N16,ESS,Storage,N,N,Linux,release 4,2.6.9-89.ELsmp,N/A,N/A,Singapore,fe80::226:b9ff:fe57:bd37
251,AVASNG01N16,ESS,Storage,N,N,Linux,release 4,2.6.9-89.ELsmp,N/A,N/A,Singapore,fe80::226:b9ff:fe57:bd39
252,AVASNG01N16,ESS,Storage,N,N,Linux,release 4,2.6.9-89.ELsmp,N/A,N/A,Singapore,10.45.3.60
253,WSOMDWBPMG01,PMG,Server,Y,N,Windows 2003 R2,3790,5.2.3790,VMware Virtual Platform,VMWARE-42 10 09 8F 0F 86 EC 92-3F 41 39 20 3B 3E 31 B8,SOMERSET,10.9.171.70
254,TPCIBMSSPC01,ITY,Server,N,N,Windows 2008,6002,6,IBM System x3550 -[2805MC3]-,7507061,Nashville,10.60.170.143
255,WOCSPWVXML02,VIS,Server,Y,N,Windows 2003,3790,5.2.3790,VMware Virtual Platform,VMWARE-50 22 B4 1B C9 39 30 57-04 E9 D5 16 82 59 0B FC,London UK,167.113.185.198
256,NTSMGSS15080A,YHJ,Server,N,Y,Microsoft Windows 2000,N/A,5.0.2195,N/A,N/A,Freeport,172.26.181.59
257,NTSMGCM15058A,YLR,Server,N,N,Windows 2003,3790,5.2.3790,PowerEdge 2850,3JT9M81,N/A,172.29.85.54
258,R303C10,SMD,Server,N,N,Linux,release 5.4,2.6.18-164.el5,ProLiant BL460c G6,USE1066JN6,SOMERSET,fe80::3e4a:92ff:feeb:6f55
259,R303C10,SMD,Server,N,N,Linux,release 5.4,2.6.18-164.el5,ProLiant BL460c G6,USE1066JN6,SOMERSET,fe80::3e4a:92ff:feeb:6f54
260,R303C10,SMD,Server,N,N,Linux,release 5.4,2.6.18-164.el5,ProLiant BL460c G6,USE1066JN6,SOMERSET,fe80::3e4a:92ff:feeb:6f50
261,R303C10,SMD,Server,N,N,Linux,release 5.4,2.6.18-164.el5,ProLiant BL460c G6,USE1066JN6,SOMERSET,10.9.27.81
262,R303C10,ESB,Server,N,N,Linux,release 5.4,2.6.18-164.el5,ProLiant BL460c G6,USE1066JN6,SOMERSET,fe80::3e4a:92ff:feeb:6f55
263,R303C10,ESB,Server,N,N,Linux,release 5.4,2.6.18-164.el5,ProLiant BL460c G6,USE1066JN6,SOMERSET,fe80::3e4a:92ff:feeb:6f54
264,R303C10,ESB,Server,N,N,Linux,release 5.4,2.6.18-164.el5,ProLiant BL460c G6,USE1066JN6,SOMERSET,fe80::3e4a:92ff:feeb:6f50
265,R303C10,ESB,Server,N,N,Linux,release 5.4,2.6.18-164.el5,ProLiant BL460c G6,USE1066JN6,SOMERSET,10.9.27.81
266,XSA00Z70,CLX,Server,N,N,AIX,7,6.1,9117-570,10AB10E,SOMERSET,160.254.94.224
267,WWPOPAPNCL4,NCL,Server,N,N,Windows 2003,3790,5.2.3790,ProLiant DL380 G5,USE813N7RB,West Paterson,10.7.57.52
268,WA57PDSPAC03,COR,Server,Y,N,Windows 2008,6002,6.0.6002,VMware Virtual Platform,VMWARE-50 1D 16 20 5F 75 93 86-61 58 B0 4E 47 0D 2E 59,Pune India,167.113.82.136
269,NTSAPPS07718A,COR,Server,N,N,Windows 2003,3790,5.2.3790,ProLiant BL460c G1,USE924MS2W,Freeport,10.0.55.138
270,BENCHMARKADS01,FHF,Server,Y,N,"Microsoft Windows Server 2003, Standard Edition (32-bit)",N/A,N/A,N/A,N/A,Nashville,160.254.119.178
271,BENCHMARKADS01,ADS,Server,Y,N,"Microsoft Windows Server 2003, Standard Edition (32-bit)",N/A,N/A,N/A,N/A,Nashville,160.254.119.178
272,R072C10,FRI,Server,N,N,Linux,release 5.4,2.6.18-194.11.1.el5,ProLiant BL460c G6,USE05154W7,SOMERSET,fe80::3e4a:92ff:fedd:23ac
273,R072C10,FRI,Server,N,N,Linux,release 5.4,2.6.18-194.11.1.el5,ProLiant BL460c G6,USE05154W7,SOMERSET,fe80::3e4a:92ff:fedd:23ad
274,R072C10,FRI,Server,N,N,Linux,release 5.4,2.6.18-194.11.1.el5,ProLiant BL460c G6,USE05154W7,SOMERSET,fe80::3e4a:92ff:fedd:23a8
275,R072C10,FRI,Server,N,N,Linux,release 5.4,2.6.18-194.11.1.el5,ProLiant BL460c G6,USE05154W7,SOMERSET,10.9.181.149
276,WTPCPCXORJ09,ORJ,Server,N,N,Windows 2003 R2,3790,5.2.3790,ProLiant DL380 G4,USE634NAB8,Nashville,160.254.14.89
277,WTPCPCXORJ09,ORJ,Server,N,N,Windows 2003 R2,3790,5.2.3790,ProLiant DL380 G4,USE634NAB8,Nashville,160.254.14.89
278,WTPCPLVSI103,7LC,Server,Y,N,Windows 2003,3790,5.2.3790,VMware Virtual Platform,VMWARE-50 0F 82 DB BA 26 57 06-FF BD 33 05 40 41 A1 F2,Nashville,160.254.15.149
279,XSDQ0B22,AVT,Server,N,N,SunOS,s10s_u4wos_12b,5.1,Sun Microsystems sun4u Sun Fire V490,0817AM0219,SOMERSET,10.9.55.106
280,XSDQ0B22,AVT,Server,N,N,SunOS,s10s_u4wos_12b,5.1,Sun Microsystems sun4u Sun Fire V490,0817AM0219,SOMERSET,10.9.55.105
281,WSOMDAVOFJ01,EPI,Server,Y,N,Windows 2003,3790,5.2.3790,VMware Virtual Platform,VMWARE-50 0F 53 8A F8 E3 A1 66-12 A7 EF 70 23 4D CC 55,SOMERSET,10.9.14.76
282,NT_RFARUFUS,WFS,Server,N,N,Windows 2003,3790,5.2.3790,ProLiant DL380,8031FD511135,London UK,10.14.66.201
283,WFP1PCX9PC11,9PC,Server,N,N,Windows 2003,3790,5.2.3790,ProLiant DL380 G5,USE818N728,Florham Park,167.113.228.84
284,WTPCPWVLIQ01,LIQ,Server,Y,N,Windows 2003,3790,5.2.3790,VMware Virtual Platform,VMWARE-50 32 05 0B C2 81 DD 0A-6C 54 84 85 AD C2 9E D9,Nashville,160.254.6.56
285,WQVSTAPLFX03,LGW,Server,Y,N,Windows 2003,3790,5.2.3790,VMware Virtual Platform,VMWARE-50 22 85 29 D5 52 37 C8-55 00 A3 D6 8C 01 00 3A,London UK,167.113.187.233
286,WSOMDAVFHF03,FHF,Server,Y,N,Windows 2003,3790,5.2.3790,VMware Virtual Platform,VMWARE-50 32 48 83 FE 13 08 55-B9 9C EE 43 40 67 F4 5A,SOMERSET,10.9.146.77
287,R000C00,ERR,Server,N,N,Linux,release 5.4,2.6.18-194.11.1.el5,ProLiant BL460c G6,USE0293LK1,SOMERSET,fe80::1ec1:deff:fe06:ea70
288,R000C00,ERR,Server,N,N,Linux,release 5.4,2.6.18-194.11.1.el5,ProLiant BL460c G6,USE0293LK1,SOMERSET,10.9.181.220
289,WSOMQWBDPX03,DPX,Server,Y,N,Windows 2003 R2,3790,5.2.3790,VMware Virtual Platform,VMWARE-42 10 31 2F 54 1A D4 74-B9 E6 96 10 58 FA 96 97,SOMERSET,10.9.171.95
290,R108C00,PLY,Server,N,N,Linux,release 5.4,2.6.18-194.11.1.el5,ProLiant BL460c G6,USE0494NJ2,SOMERSET,10.9.27.24
291,R108C00,PLY,Server,N,N,Linux,release 5.4,2.6.18-194.11.1.el5,ProLiant BL460c G6,USE0494NJ2,SOMERSET,fe80::6ab5:99ff:febf:7250
292,R108C00,WVR,Server,N,N,Linux,release 5.4,2.6.18-194.11.1.el5,ProLiant BL460c G6,USE0494NJ2,SOMERSET,10.9.27.24
293,R108C00,WVR,Server,N,N,Linux,release 5.4,2.6.18-194.11.1.el5,ProLiant BL460c G6,USE0494NJ2,SOMERSET,fe80::6ab5:99ff:febf:7250
294,R108C00,FRC,Server,N,N,Linux,release 5.4,2.6.18-194.11.1.el5,ProLiant BL460c G6,USE0494NJ2,SOMERSET,10.9.27.24
295,R108C00,FRC,Server,N,N,Linux,release 5.4,2.6.18-194.11.1.el5,ProLiant BL460c G6,USE0494NJ2,SOMERSET,fe80::6ab5:99ff:febf:7250
296,R108C00,IWA,Server,N,N,Linux,release 5.4,2.6.18-194.11.1.el5,ProLiant BL460c G6,USE0494NJ2,SOMERSET,10.9.27.24
297,R108C00,IWA,Server,N,N,Linux,release 5.4,2.6.18-194.11.1.el5,ProLiant BL460c G6,USE0494NJ2,SOMERSET,fe80::6ab5:99ff:febf:7250
298,R108C00,SAX,Server,N,N,Linux,release 5.4,2.6.18-194.11.1.el5,ProLiant BL460c G6,USE0494NJ2,SOMERSET,10.9.27.24
299,R108C00,SAX,Server,N,N,Linux,release 5.4,2.6.18-194.11.1.el5,ProLiant BL460c G6,USE0494NJ2,SOMERSET,fe80::6ab5:99ff:febf:7250
300,R108C00,AOS,Server,N,N,Linux,release 5.4,2.6.18-194.11.1.el5,ProLiant BL460c G6,USE0494NJ2,SOMERSET,10.9.27.24
301,R108C00,AOS,Server,N,N,Linux,release 5.4,2.6.18-194.11.1.el5,ProLiant BL460c G6,USE0494NJ2,SOMERSET,fe80::6ab5:99ff:febf:7250
302,R108C00,WFM,Server,N,N,Linux,release 5.4,2.6.18-194.11.1.el5,ProLiant BL460c G6,USE0494NJ2,SOMERSET,10.9.27.24
303,R108C00,WFM,Server,N,N,Linux,release 5.4,2.6.18-194.11.1.el5,ProLiant BL460c G6,USE0494NJ2,SOMERSET,fe80::6ab5:99ff:febf:7250
304,R108C00,PRZ,Server,N,N,Linux,release 5.4,2.6.18-194.11.1.el5,ProLiant BL460c G6,USE0494NJ2,SOMERSET,10.9.27.24
305,R108C00,PRZ,Server,N,N,Linux,release 5.4,2.6.18-194.11.1.el5,ProLiant BL460c G6,USE0494NJ2,SOMERSET,fe80::6ab5:99ff:febf:7250
306,R108C00,DZZ,Server,N,N,Linux,release 5.4,2.6.18-194.11.1.el5,ProLiant BL460c G6,USE0494NJ2,SOMERSET,10.9.27.24
307,R108C00,DZZ,Server,N,N,Linux,release 5.4,2.6.18-194.11.1.el5,ProLiant BL460c G6,USE0494NJ2,SOMERSET,fe80::6ab5:99ff:febf:7250
308,R108C00,CWM,Server,N,N,Linux,release 5.4,2.6.18-194.11.1.el5,ProLiant BL460c G6,USE0494NJ2,SOMERSET,10.9.27.24
309,R108C00,CWM,Server,N,N,Linux,release 5.4,2.6.18-194.11.1.el5,ProLiant BL460c G6,USE0494NJ2,SOMERSET,fe80::6ab5:99ff:febf:7250
310,R108C00,EFK,Server,N,N,Linux,release 5.4,2.6.18-194.11.1.el5,ProLiant BL460c G6,USE0494NJ2,SOMERSET,10.9.27.24
311,R108C00,EFK,Server,N,N,Linux,release 5.4,2.6.18-194.11.1.el5,ProLiant BL460c G6,USE0494NJ2,SOMERSET,fe80::6ab5:99ff:febf:7250
312,R108C00,GAP,Server,N,N,Linux,release 5.4,2.6.18-194.11.1.el5,ProLiant BL460c G6,USE0494NJ2,SOMERSET,10.9.27.24
313,R108C00,GAP,Server,N,N,Linux,release 5.4,2.6.18-194.11.1.el5,ProLiant BL460c G6,USE0494NJ2,SOMERSET,fe80::6ab5:99ff:febf:7250
314,R108C00,TOA,Server,N,N,Linux,release 5.4,2.6.18-194.11.1.el5,ProLiant BL460c G6,USE0494NJ2,SOMERSET,10.9.27.24
315,R108C00,TOA,Server,N,N,Linux,release 5.4,2.6.18-194.11.1.el5,ProLiant BL460c G6,USE0494NJ2,SOMERSET,fe80::6ab5:99ff:febf:7250
316,R108C00,NCX,Server,N,N,Linux,release 5.4,2.6.18-194.11.1.el5,ProLiant BL460c G6,USE0494NJ2,SOMERSET,10.9.27.24
317,R108C00,NCX,Server,N,N,Linux,release 5.4,2.6.18-194.11.1.el5,ProLiant BL460c G6,USE0494NJ2,SOMERSET,fe80::6ab5:99ff:febf:7250
318,R108C00,NGE,Server,N,N,Linux,release 5.4,2.6.18-194.11.1.el5,ProLiant BL460c G6,USE0494NJ2,SOMERSET,10.9.27.24
319,R108C00,NGE,Server,N,N,Linux,release 5.4,2.6.18-194.11.1.el5,ProLiant BL460c G6,USE0494NJ2,SOMERSET,fe80::6ab5:99ff:febf:7250
320,R108C00,BUS,Server,N,N,Linux,release 5.4,2.6.18-194.11.1.el5,ProLiant BL460c G6,USE0494NJ2,SOMERSET,10.9.27.24
321,R108C00,BUS,Server,N,N,Linux,release 5.4,2.6.18-194.11.1.el5,ProLiant BL460c G6,USE0494NJ2,SOMERSET,fe80::6ab5:99ff:febf:7250
322,R108C00,AVC,Server,N,N,Linux,release 5.4,2.6.18-194.11.1.el5,ProLiant BL460c G6,USE0494NJ2,SOMERSET,10.9.27.24
323,R108C00,AVC,Server,N,N,Linux,release 5.4,2.6.18-194.11.1.el5,ProLiant BL460c G6,USE0494NJ2,SOMERSET,fe80::6ab5:99ff:febf:7250
324,R108C00,OPD,Server,N,N,Linux,release 5.4,2.6.18-194.11.1.el5,ProLiant BL460c G6,USE0494NJ2,SOMERSET,10.9.27.24
325,R108C00,OPD,Server,N,N,Linux,release 5.4,2.6.18-194.11.1.el5,ProLiant BL460c G6,USE0494NJ2,SOMERSET,fe80::6ab5:99ff:febf:7250
326,R108C00,ESF,Server,N,N,Linux,release 5.4,2.6.18-194.11.1.el5,ProLiant BL460c G6,USE0494NJ2,SOMERSET,10.9.27.24
327,R108C00,ESF,Server,N,N,Linux,release 5.4,2.6.18-194.11.1.el5,ProLiant BL460c G6,USE0494NJ2,SOMERSET,fe80::6ab5:99ff:febf:7250
328,R108C00,RAA,Server,N,N,Linux,release 5.4,2.6.18-194.11.1.el5,ProLiant BL460c G6,USE0494NJ2,SOMERSET,10.9.27.24
329,R108C00,RAA,Server,N,N,Linux,release 5.4,2.6.18-194.11.1.el5,ProLiant BL460c G6,USE0494NJ2,SOMERSET,fe80::6ab5:99ff:febf:7250
330,R108C00,EDY,Server,N,N,Linux,release 5.4,2.6.18-194.11.1.el5,ProLiant BL460c G6,USE0494NJ2,SOMERSET,10.9.27.24
331,R108C00,EDY,Server,N,N,Linux,release 5.4,2.6.18-194.11.1.el5,ProLiant BL460c G6,USE0494NJ2,SOMERSET,fe80::6ab5:99ff:febf:7250
332,R108C00,ACZ,Server,N,N,Linux,release 5.4,2.6.18-194.11.1.el5,ProLiant BL460c G6,USE0494NJ2,SOMERSET,10.9.27.24
333,R108C00,ACZ,Server,N,N,Linux,release 5.4,2.6.18-194.11.1.el5,ProLiant BL460c G6,USE0494NJ2,SOMERSET,fe80::6ab5:99ff:febf:7250
334,R108C00,ETC,Server,N,N,Linux,release 5.4,2.6.18-194.11.1.el5,ProLiant BL460c G6,USE0494NJ2,SOMERSET,10.9.27.24
335,R108C00,ETC,Server,N,N,Linux,release 5.4,2.6.18-194.11.1.el5,ProLiant BL460c G6,USE0494NJ2,SOMERSET,fe80::6ab5:99ff:febf:7250
336,NTSMPRT02602A,WFS,Server,Y,N,Windows 2003,3790,5.2.3790,VMware Virtual Platform,VMWARE-56 4D AB 3B 47 A0 DE 5E-87 9E 7F F1 32 43 58 30,Everett,172.17.200.97
337,NTSMPRT02602A,WFP,Server,Y,N,Windows 2003,3790,5.2.3790,VMware Virtual Platform,VMWARE-56 4D AB 3B 47 A0 DE 5E-87 9E 7F F1 32 43 58 30,Everett,172.17.200.97
338,WTPCPAVLSS01,LSS,Server,Y,N,Windows 2003,3790,5.2.3790,VMware Virtual Platform,VMWARE-50 0F E1 23 E4 0E 36 4F-2B AC 65 82 81 18 CB E9,Nashville,160.254.15.221
339,WSOMTAVIEF01,IEF,Server,Y,N,Windows 2003 R2,3790,5.2.3790,VMware Virtual Platform,VMWARE-42 32 D7 E7 76 A5 A3 0F-8D BF 0B 2C E0 B6 43 A0,SOMERSET,10.9.176.151
340,XSA00G11,LNS,Server,N,N,AIX,12,5.3,9133-55A,103C3EH,Nashville,10.59.46.77
341,XSA00G11,LNS,Server,N,N,AIX,12,5.3,9133-55A,103C3EH,Nashville,10.59.46.75
342,XSA00G11,LNS,Server,N,N,AIX,12,5.3,9133-55A,103C3EH,Nashville,10.59.46.73
343,XSA00G11,LNS,Server,N,N,AIX,12,5.3,9133-55A,103C3EH,Nashville,10.59.46.74
344,XSA00G11,LNS,Server,N,N,AIX,12,5.3,9133-55A,103C3EH,Nashville,10.59.46.144
345,XSA00G11,LNS,Server,N,N,AIX,12,5.3,9133-55A,103C3EH,Nashville,10.59.46.76
346,XSA00G11,LNS,Server,N,N,AIX,12,5.3,9133-55A,103C3EH,Nashville,160.254.62.72
347,XSA00G11,LNS,Server,N,N,AIX,12,5.3,9133-55A,103C3EH,Nashville,10.59.46.77
348,XSA00G11,LNS,Server,N,N,AIX,12,5.3,9133-55A,103C3EH,Nashville,10.59.46.74
349,XSA00G11,LNS,Server,N,N,AIX,12,5.3,9133-55A,103C3EH,Nashville,10.59.46.73
350,XSA00G11,LNS,Server,N,N,AIX,12,5.3,9133-55A,103C3EH,Nashville,160.254.62.73
351,XSA00G11,LNS,Server,N,N,AIX,12,5.3,9133-55A,103C3EH,Nashville,10.59.46.76
352,XSA00G11,LNS,Server,N,N,AIX,12,5.3,9133-55A,103C3EH,Nashville,160.254.62.76
353,XSA00G11,LNS,Server,N,N,AIX,12,5.3,9133-55A,103C3EH,Nashville,160.254.62.74
354,XSA00G11,LNS,Server,N,N,AIX,12,5.3,9133-55A,103C3EH,Nashville,10.59.46.75
355,XSA00G11,LNS,Server,N,N,AIX,12,5.3,9133-55A,103C3EH,Nashville,10.59.46.144
356,XSA00G11,LNS,Server,N,N,AIX,12,5.3,9133-55A,103C3EH,Nashville,160.254.62.75
357,RSOMDAPALP03,ALP,Server,N,N,Linux,release 4,2.6.9-78.ELsmp,N/A,N/A,SOMERSET,10.9.51.77
358,R510N0V,AOS,Server,Y,N,Linux,release 5.5,2.6.18-194.11.1.el5,N/A,VMWARE-42 32 65 A2 7B 16 A0 06-8D 68 91 0B E1 C2 F4 45,SOMERSET,10.9.176.171
359,R510N0V,AOS,Server,Y,N,Linux,release 5.5,2.6.18-194.11.1.el5,N/A,VMWARE-42 32 65 A2 7B 16 A0 06-8D 68 91 0B E1 C2 F4 45,SOMERSET,fe80::250:56ff:feb2:301
360,XSD00A30,SMD,Server,N,N,SunOS,s10s_u8wos_08a,5.1,Sun Microsystems sun4u SPARC Enterprise M5000 Server,BEF08265FA,Nashville,160.254.41.61
361,XSD00A30,SMD,Server,N,N,SunOS,s10s_u8wos_08a,5.1,Sun Microsystems sun4u SPARC Enterprise M5000 Server,BEF08265FA,Nashville,160.254.41.57
362,WSYDPDSAMS01,WDC,Server,Y,N,Windows 2008,6002,6.0.6002,VMware Virtual Platform,VMWARE-42 32 B2 03 D8 E5 B8 E4-D7 02 62 B1 F6 19 A6 AE,Sydney,167.113.83.25
363,XSD00936,BDM,Server,N,N,Solaris,s28s_hw4wos_05a,2.8,"SUNW,Sun-Fire-480R",0526AK2050,Nashville,160.254.68.53
364,XSD00936,BDM,Server,N,N,Solaris,s28s_hw4wos_05a,2.8,"SUNW,Sun-Fire-480R",0526AK2050,Nashville,160.254.68.51
365,XSD00936,BDM,Server,N,N,Solaris,s28s_hw4wos_05a,2.8,"SUNW,Sun-Fire-480R",0526AK2050,Nashville,160.254.68.52
366,WNPCPAPHLS01,LAS,Server,N,N,Windows 2003 R2,3790,5.2.3790,ProLiant BL460c G6,USE946VD55,Freeport,10.159.193.15
367,NTSDITS106002,SWD,Server,N,N,Microsoft Windows 2000,N/A,5.0.2195,N/A,KPBXR39,Uniondale,172.20.61.31
368,XSD00Z80,INX,Server,N,N,SunOS,s28s_u6wos_08a,5.8,Sun Microsystems sun4u 8-slot Sun Enterprise E4500/E5500,145H2517,SOMERSET,160.254.91.148
369,XSD00Z80,INX,Server,N,N,SunOS,s28s_u6wos_08a,5.8,Sun Microsystems sun4u 8-slot Sun Enterprise E4500/E5500,145H2517,SOMERSET,160.254.91.149
370,WSOMPAPFOS02,FOS,Server,N,N,Windows 2003 R2,3790,5.2.3790,ProLiant DL380 G5,USE721N5XN,SOMERSET,160.254.92.143
371,WTPCPAVOCS01,IMO,Server,Y,N,Windows 2003 R2,3790,5.2.3790,VMware Virtual Platform,VMWARE-5F 16 64 A5 E6 18 48 06-AA 21 EE D7 49 D1 58 92,Nashville,160.254.218.166
372,WNPCPWVYUW02,YUW,Server,Y,N,Windows 2003,3790,5.2.3790,VMware Virtual Platform,VMWARE-50 34 51 F4 D4 F3 3F 3F-7A 9D 4E 28 01 60 D4 26,Freeport,10.159.150.33
373,WSOMDDVVPM01,VPM,Server,Y,N,Windows 2003,3790,5.2.3790,VMware Virtual Platform,VMWARE-50 0F EA 02 23 30 5A F1-6A C5 85 9A 48 3C 8D B8,SOMERSET,10.9.14.153
374,AVABO301N04,ESS,Storage,N,N,Linux,release 4,2.6.9-67.EL.bz450900.HFsmp,N/A,N/A,Boston,fe80::21e:c9ff:fe5d:3091
375,AVABO301N04,ESS,Storage,N,N,Linux,release 4,2.6.9-67.EL.bz450900.HFsmp,N/A,N/A,Boston,172.17.101.128
376,AVANPCESX03N01,ESS,Storage,N,N,Linux,release 4,2.6.9-67.EL.bz450900.HFsmp,N/A,N/A,Freeport,fe80::222:19ff:fe05:6515
377,AVANPCESX03N01,ESS,Storage,N,N,Linux,release 4,2.6.9-67.EL.bz450900.HFsmp,N/A,N/A,Freeport,167.222.70.21
378,WSOMPAPRFX05,RFX,Server,N,N,Windows 2003 R2,3790,5.2.3790,ProLiant BL460c G1,USE904K42D,SOMERSET,160.254.0.248
379,WSOMPAPRFX05,RFX,Server,N,N,Windows 2003 R2,3790,5.2.3790,ProLiant BL460c G1,USE904K42D,SOMERSET,160.254.0.245
380,WSOMPAPRFX05,RFX,Server,N,N,Windows 2003 R2,3790,5.2.3790,ProLiant BL460c G1,USE904K42D,SOMERSET,160.254.0.246
381,WSOMPAPRFX05,RFX,Server,N,N,Windows 2003 R2,3790,5.2.3790,ProLiant BL460c G1,USE904K42D,SOMERSET,160.254.0.139
382,XSD00A34,DSE,Server,N,N,SunOS,s10s_u8wos_08a,5.1,Sun Microsystems sun4u SPARC Enterprise M5000 Server,BEF0906BA7,Nashville,160.254.55.197
383,XSD00A34,DSE,Server,N,N,SunOS,s10s_u8wos_08a,5.1,Sun Microsystems sun4u SPARC Enterprise M5000 Server,BEF0906BA7,Nashville,160.254.55.198
384,XSD00A34,DSE,Server,N,N,SunOS,s10s_u8wos_08a,5.1,Sun Microsystems sun4u SPARC Enterprise M5000 Server,BEF0906BA7,Nashville,160.254.55.196
385,XSD00A34,DSE,Server,N,N,SunOS,s10s_u8wos_08a,5.1,Sun Microsystems sun4u SPARC Enterprise M5000 Server,BEF0906BA7,Nashville,160.254.55.197
386,XSD00A34,DAL,Server,N,N,SunOS,s10s_u8wos_08a,5.1,Sun Microsystems sun4u SPARC Enterprise M5000 Server,BEF0906BA7,Nashville,160.254.55.197
387,XSD00A34,DAL,Server,N,N,SunOS,s10s_u8wos_08a,5.1,Sun Microsystems sun4u SPARC Enterprise M5000 Server,BEF0906BA7,Nashville,160.254.55.198
388,XSD00A34,DAL,Server,N,N,SunOS,s10s_u8wos_08a,5.1,Sun Microsystems sun4u SPARC Enterprise M5000 Server,BEF0906BA7,Nashville,160.254.55.196
389,XSD00A34,DAL,Server,N,N,SunOS,s10s_u8wos_08a,5.1,Sun Microsystems sun4u SPARC Enterprise M5000 Server,BEF0906BA7,Nashville,160.254.55.197
390,XSD00A34,TSR,Server,N,N,SunOS,s10s_u8wos_08a,5.1,Sun Microsystems sun4u SPARC Enterprise M5000 Server,BEF0906BA7,Nashville,160.254.55.197
391,XSD00A34,TSR,Server,N,N,SunOS,s10s_u8wos_08a,5.1,Sun Microsystems sun4u SPARC Enterprise M5000 Server,BEF0906BA7,Nashville,160.254.55.198
392,XSD00A34,TSR,Server,N,N,SunOS,s10s_u8wos_08a,5.1,Sun Microsystems sun4u SPARC Enterprise M5000 Server,BEF0906BA7,Nashville,160.254.55.196
393,XSD00A34,TSR,Server,N,N,SunOS,s10s_u8wos_08a,5.1,Sun Microsystems sun4u SPARC Enterprise M5000 Server,BEF0906BA7,Nashville,160.254.55.197
394,NTSMETA91074N,YLX,Server,N,N,Windows 2003,3790,5.2.3790,ProLiant DL380 G4,2UX61501HT,Irwindale,172.23.28.115
395,NTSMETA91074N,YLR,Server,N,N,Windows 2003,3790,5.2.3790,ProLiant DL380 G4,2UX61501HT,Irwindale,172.23.28.115
396,R161C10,OSA,Server,N,N,Linux,release 5.6,2.6.18-238.5.1.el5,ProLiant BL460c G6,USE1046DX8,Freeport,fe80::3e4a:92ff:feed:79e5
397,R161C10,OSA,Server,N,N,Linux,release 5.6,2.6.18-238.5.1.el5,ProLiant BL460c G6,USE1046DX8,Freeport,fe80::3e4a:92ff:feed:79e0
398,R161C10,OSA,Server,N,N,Linux,release 5.6,2.6.18-238.5.1.el5,ProLiant BL460c G6,USE1046DX8,Freeport,fe80::3e4a:92ff:feed:79e1
399,R161C10,OSA,Server,N,N,Linux,release 5.6,2.6.18-238.5.1.el5,ProLiant BL460c G6,USE1046DX8,Freeport,fe80::3e4a:92ff:feed:79e4
400,R161C10,OSA,Server,N,N,Linux,release 5.6,2.6.18-238.5.1.el5,ProLiant BL460c G6,USE1046DX8,Freeport,167.222.214.90
401,AVANPC01N13,ESS,Storage,N,N,Linux,release 4,2.6.9-67.EL.bz450900.HFsmp,N/A,N/A,Freeport,167.222.65.28
402,WSOMDAVVPM03,VPM,Server,Y,N,Windows 2003 R2,3790,5.2.3790,Virtual Machine,5657-5460-8008-7168-1595-8281-86,SOMERSET,10.9.174.51
403,AVANPCKVS01N05,ESS,Storage,N,N,Linux,release 4,2.6.9-89.ELsmp,N/A,N/A,Freeport,fe80::226:b9ff:fe4c:9258
404,AVANPCKVS01N05,ESS,Storage,N,N,Linux,release 4,2.6.9-89.ELsmp,N/A,N/A,Freeport,167.222.66.61
405,WBRVPCX13,WCX,Server,Y,N,Windows 2003,3790,5.2.3790,VMware Virtual Platform,VMWARE-50 3B B8 CC 89 B8 3F 4B-20 D8 86 C8 79 3A 8F 1B,Brussels BE,10.12.70.173
406,WSOMPAPINX11,INX,Server,Y,N,Windows 2003,3790,5.2.3790,VMware Virtual Platform,VMWARE-50 32 ED 4D D8 15 9B 3B-78 DA C8 01 EA D4 B1 48,SOMERSET,160.254.92.211
407,WSOMTAVLAB02,LAB,Server,Y,N,Windows 2003,3790,5.2.3790,VMware Virtual Platform,VMWARE-50 21 43 FD 88 99 DD A5-05 7A A4 84 28 C1 22 D1,SOMERSET,10.153.128.115
408,WTPCPAVRFX11,RFX,Server,Y,N,Windows 2003 R2,3790,5.2.3790,VMware Virtual Platform,VMWARE-50 32 79 01 0D 79 15 86-A4 DB F6 95 69 04 84 AB,Nashville,160.254.98.111
409,WPLEPPVAMS01,COR,Server,Y,N,Windows 2008,6002,6.0.6002,VMware Virtual Platform,VMWARE-50 1D 21 24 24 28 A0 2D-D7 5E 43 85 96 A2 D7 D0,Pleasantville,167.222.239.7
410,NTSMTEL15007A,NCL,Server,N,N,Windows 2003,3790,5.2.3790,ProLiant DL380 G5,2UX72804L4,Pittsburgh,172.27.6.106
411,W106PPVAMS01,COR,Server,Y,N,Windows 2008,6002,6.0.6002,VMware Virtual Platform,VMWARE-50 1D B0 8A 11 DB 56 E3-ED 02 52 9E 17 9C 22 3D,Uniondale,167.222.240.119
412,W106PPVAMS01,ESX,Server,Y,N,Windows 2008,6002,6.0.6002,VMware Virtual Platform,VMWARE-50 1D B0 8A 11 DB 56 E3-ED 02 52 9E 17 9C 22 3D,Uniondale,167.222.240.119
413,WSOMPCXSAM02,SAM,Server,N,N,Windows 2003,3790,5.2.3790,ProLiant DL380 G5,USE652N14G,SOMERSET,10.109.114.32
414,WSOMDAPAES01,AES,Server,Y,N,Windows 2003,3790,5.2.3790,VMware Virtual Platform,VMWARE-56 4D F4 4A A9 EC C0 C3-0C 67 D6 48 87 D4 4D 4C,SOMERSET,10.9.4.198
415,XSD00B05,CFT,Server,N,N,SunOS,s28s_u7wos_08a,5.8,Sun Microsystems sun4u Sun Fire 480R,UNKNOWN,Nashville,160.254.50.54
416,XSD00B05,CFT,Server,N,N,SunOS,s28s_u7wos_08a,5.8,Sun Microsystems sun4u Sun Fire 480R,UNKNOWN,Nashville,160.254.50.53
417,XSD00B05,CFT,Server,N,N,SunOS,s28s_u7wos_08a,5.8,Sun Microsystems sun4u Sun Fire 480R,UNKNOWN,Nashville,160.254.50.53
418,XSD00B05,CFT,Server,N,N,SunOS,s28s_u7wos_08a,5.8,Sun Microsystems sun4u Sun Fire 480R,UNKNOWN,Nashville,160.254.50.53
419,NTSMETA15049A,YTH,Server,N,N,Microsoft Windows 2000,N/A,5.0.2195,N/A,N/A,Nashville,160.254.231.140
420,WSOMPAPQSS01,QSS,Server,N,N,Windows 2003,3790,5.2.3790,ProLiant DL380 G4,USE651N6KK,SOMERSET,10.9.114.141
421,R106C00,PLY,Server,N,N,Linux,release 5.4,2.6.18-194.11.1.el5,ProLiant BL460c G6,USE0494NJ0,SOMERSET,10.9.27.22
422,R106C00,PLY,Server,N,N,Linux,release 5.4,2.6.18-194.11.1.el5,ProLiant BL460c G6,USE0494NJ0,SOMERSET,fe80::6ab5:99ff:febf:72b0
423,R106C00,YYC,Server,N,N,Linux,release 5.4,2.6.18-194.11.1.el5,ProLiant BL460c G6,USE0494NJ0,SOMERSET,10.9.27.22
424,R106C00,YYC,Server,N,N,Linux,release 5.4,2.6.18-194.11.1.el5,ProLiant BL460c G6,USE0494NJ0,SOMERSET,fe80::6ab5:99ff:febf:72b0
425,R106C00,WVR,Server,N,N,Linux,release 5.4,2.6.18-194.11.1.el5,ProLiant BL460c G6,USE0494NJ0,SOMERSET,10.9.27.22
426,R106C00,WVR,Server,N,N,Linux,release 5.4,2.6.18-194.11.1.el5,ProLiant BL460c G6,USE0494NJ0,SOMERSET,fe80::6ab5:99ff:febf:72b0
427,R106C00,IPX,Server,N,N,Linux,release 5.4,2.6.18-194.11.1.el5,ProLiant BL460c G6,USE0494NJ0,SOMERSET,10.9.27.22
428,R106C00,IPX,Server,N,N,Linux,release 5.4,2.6.18-194.11.1.el5,ProLiant BL460c G6,USE0494NJ0,SOMERSET,fe80::6ab5:99ff:febf:72b0
429,R106C00,IWA,Server,N,N,Linux,release 5.4,2.6.18-194.11.1.el5,ProLiant BL460c G6,USE0494NJ0,SOMERSET,10.9.27.22
430,R106C00,IWA,Server,N,N,Linux,release 5.4,2.6.18-194.11.1.el5,ProLiant BL460c G6,USE0494NJ0,SOMERSET,fe80::6ab5:99ff:febf:72b0
431,R106C00,SAX,Server,N,N,Linux,release 5.4,2.6.18-194.11.1.el5,ProLiant BL460c G6,USE0494NJ0,SOMERSET,10.9.27.22
432,R106C00,SAX,Server,N,N,Linux,release 5.4,2.6.18-194.11.1.el5,ProLiant BL460c G6,USE0494NJ0,SOMERSET,fe80::6ab5:99ff:febf:72b0
433,R106C00,ACZ,Server,N,N,Linux,release 5.4,2.6.18-194.11.1.el5,ProLiant BL460c G6,USE0494NJ0,SOMERSET,10.9.27.22
434,R106C00,ACZ,Server,N,N,Linux,release 5.4,2.6.18-194.11.1.el5,ProLiant BL460c G6,USE0494NJ0,SOMERSET,fe80::6ab5:99ff:febf:72b0
435,R106C00,DZZ,Server,N,N,Linux,release 5.4,2.6.18-194.11.1.el5,ProLiant BL460c G6,USE0494NJ0,SOMERSET,10.9.27.22
436,R106C00,DZZ,Server,N,N,Linux,release 5.4,2.6.18-194.11.1.el5,ProLiant BL460c G6,USE0494NJ0,SOMERSET,fe80::6ab5:99ff:febf:72b0
437,R106C00,BUS,Server,N,N,Linux,release 5.4,2.6.18-194.11.1.el5,ProLiant BL460c G6,USE0494NJ0,SOMERSET,10.9.27.22
438,R106C00,BUS,Server,N,N,Linux,release 5.4,2.6.18-194.11.1.el5,ProLiant BL460c G6,USE0494NJ0,SOMERSET,fe80::6ab5:99ff:febf:72b0
439,R106C00,TOA,Server,N,N,Linux,release 5.4,2.6.18-194.11.1.el5,ProLiant BL460c G6,USE0494NJ0,SOMERSET,10.9.27.22
440,R106C00,TOA,Server,N,N,Linux,release 5.4,2.6.18-194.11.1.el5,ProLiant BL460c G6,USE0494NJ0,SOMERSET,fe80::6ab5:99ff:febf:72b0
441,R106C00,OPD,Server,N,N,Linux,release 5.4,2.6.18-194.11.1.el5,ProLiant BL460c G6,USE0494NJ0,SOMERSET,10.9.27.22
442,R106C00,OPD,Server,N,N,Linux,release 5.4,2.6.18-194.11.1.el5,ProLiant BL460c G6,USE0494NJ0,SOMERSET,fe80::6ab5:99ff:febf:72b0
443,R106C00,NGE,Server,N,N,Linux,release 5.4,2.6.18-194.11.1.el5,ProLiant BL460c G6,USE0494NJ0,SOMERSET,10.9.27.22
444,R106C00,NGE,Server,N,N,Linux,release 5.4,2.6.18-194.11.1.el5,ProLiant BL460c G6,USE0494NJ0,SOMERSET,fe80::6ab5:99ff:febf:72b0
445,R106C00,WFM,Server,N,N,Linux,release 5.4,2.6.18-194.11.1.el5,ProLiant BL460c G6,USE0494NJ0,SOMERSET,10.9.27.22
446,R106C00,WFM,Server,N,N,Linux,release 5.4,2.6.18-194.11.1.el5,ProLiant BL460c G6,USE0494NJ0,SOMERSET,fe80::6ab5:99ff:febf:72b0
447,R106C00,EFK,Server,N,N,Linux,release 5.4,2.6.18-194.11.1.el5,ProLiant BL460c G6,USE0494NJ0,SOMERSET,10.9.27.22
448,R106C00,EFK,Server,N,N,Linux,release 5.4,2.6.18-194.11.1.el5,ProLiant BL460c G6,USE0494NJ0,SOMERSET,fe80::6ab5:99ff:febf:72b0
449,R106C00,EDY,Server,N,N,Linux,release 5.4,2.6.18-194.11.1.el5,ProLiant BL460c G6,USE0494NJ0,SOMERSET,10.9.27.22
450,R106C00,EDY,Server,N,N,Linux,release 5.4,2.6.18-194.11.1.el5,ProLiant BL460c G6,USE0494NJ0,SOMERSET,fe80::6ab5:99ff:febf:72b0
451,R106C00,ESF,Server,N,N,Linux,release 5.4,2.6.18-194.11.1.el5,ProLiant BL460c G6,USE0494NJ0,SOMERSET,10.9.27.22
452,R106C00,ESF,Server,N,N,Linux,release 5.4,2.6.18-194.11.1.el5,ProLiant BL460c G6,USE0494NJ0,SOMERSET,fe80::6ab5:99ff:febf:72b0
453,R106C00,AVC,Server,N,N,Linux,release 5.4,2.6.18-194.11.1.el5,ProLiant BL460c G6,USE0494NJ0,SOMERSET,10.9.27.22
454,R106C00,AVC,Server,N,N,Linux,release 5.4,2.6.18-194.11.1.el5,ProLiant BL460c G6,USE0494NJ0,SOMERSET,fe80::6ab5:99ff:febf:72b0
455,R106C00,GAP,Server,N,N,Linux,release 5.4,2.6.18-194.11.1.el5,ProLiant BL460c G6,USE0494NJ0,SOMERSET,10.9.27.22
456,R106C00,GAP,Server,N,N,Linux,release 5.4,2.6.18-194.11.1.el5,ProLiant BL460c G6,USE0494NJ0,SOMERSET,fe80::6ab5:99ff:febf:72b0
457,R106C00,RAA,Server,N,N,Linux,release 5.4,2.6.18-194.11.1.el5,ProLiant BL460c G6,USE0494NJ0,SOMERSET,10.9.27.22
458,R106C00,RAA,Server,N,N,Linux,release 5.4,2.6.18-194.11.1.el5,ProLiant BL460c G6,USE0494NJ0,SOMERSET,fe80::6ab5:99ff:febf:72b0
459,R106C00,CWM,Server,N,N,Linux,release 5.4,2.6.18-194.11.1.el5,ProLiant BL460c G6,USE0494NJ0,SOMERSET,10.9.27.22
460,R106C00,CWM,Server,N,N,Linux,release 5.4,2.6.18-194.11.1.el5,ProLiant BL460c G6,USE0494NJ0,SOMERSET,fe80::6ab5:99ff:febf:72b0
